id,correctAnswer
102501,C
102502,B
102503,B
102504,C
102505,A
102506,C
102507,C
102508,D
102509,A
102510,C
102511,C
102512,B
102513,D
102514,D
102515,A
102516,B
102517,A
102518,A
102519,B
102520,A
102521,A
102522,B
102523,A
102524,B
102525,A
102526,D
102527,C
102528,D
102529,B
102530,B
102531,A
102532,A
102533,A
102534,A
102535,A
102536,D
102537,B
102538,A
102539,D
102540,A
102541,C
102542,A
102543,A
102544,B
102545,C
102546,B
102547,B
102548,B
102549,C
102550,B
102551,C
102552,B
102553,A
102554,D
102555,B
102556,A
102557,C
102558,D
102559,D
102560,A
102561,A
102562,B
102563,A
102564,A
102565,C
102566,B
102567,B
102568,A
102569,D
102570,D
102571,A
102572,A
102573,D
102574,B
102575,D
102576,D
102577,A
102578,A
102579,D
102580,A
102581,D
102582,B
102583,A
102584,D
102585,C
102586,D
102587,D
102588,B
102589,A
102590,D
102591,B
102592,D
102593,B
102594,B
102595,B
102596,B
102597,A
102598,C
102599,A
102600,A
102601,C
102602,C
102603,A
102604,A
102605,D
102606,C
102607,C
102608,C
102609,A
102610,B
102611,B
102612,C
102613,C
102614,A
102615,D
102616,D
102617,B
102618,D
102619,D
102620,A
102621,B
102622,A
102623,B
102624,C
102625,C
102626,D
102627,B
102628,C
102629,A
102630,A
102631,D
102632,B
102633,A
102634,A
102635,C
102636,B
102637,B
102638,D
102639,A
102640,D
102641,D
102642,A
102643,C
102644,B
102645,A
102646,D
102647,D
102648,D
102649,B
102650,D
102651,D
102652,A
102653,B
102654,D
102655,D
102656,B
102657,D
102658,C
102659,B
102660,A
102661,A
102662,A
102663,C
102664,A
102665,D
102666,D
102667,B
102668,C
102669,C
102670,C
102671,C
102672,B
102673,D
102674,A
102675,D
102676,A
102677,C
102678,D
102679,A
102680,D
102681,D
102682,B
102683,B
102684,D
102685,C
102686,D
102687,A
102688,C
102689,D
102690,D
102691,D
102692,B
102693,B
102694,A
102695,C
102696,A
102697,A
102698,A
102699,A
102700,A
102701,A
102702,D
102703,C
102704,C
102705,B
102706,C
102707,C
102708,B
102709,A
102710,B
102711,C
102712,A
102713,A
102714,D
102715,D
102716,C
102717,C
102718,B
102719,C
102720,B
102721,C
102722,B
102723,A
102724,B
102725,B
102726,D
102727,A
102728,A
102729,C
102730,B
102731,B
102732,D
102733,C
102734,B
102735,A
102736,D
102737,C
102738,C
102739,A
102740,A
102741,A
102742,B
102743,B
102744,C
102745,C
102746,B
102747,D
102748,B
102749,A
102750,A
102751,C
102752,D
102753,C
102754,A
102755,B
102756,B
102757,B
102758,D
102759,C
102760,A
102761,A
102762,B
102763,A
102764,C
102765,D
102766,D
102767,C
102768,C
102769,D
102770,D
102771,D
102772,C
102773,B
102774,B
102775,A
102776,C
102777,B
102778,C
102779,C
102780,B
102781,A
102782,B
102783,A
102784,A
102785,A
102786,B
102787,B
102788,A
102789,D
102790,C
102791,C
102792,A
102793,A
102794,C
102795,B
102796,A
102797,A
102798,A
102799,D
102800,B
102801,D
102802,A
102803,D
102804,D
102805,D
102806,A
102807,D
102808,B
102809,D
102810,C
102811,C
102812,A
102813,A
102814,D
102815,D
102816,A
102817,D
102818,B
102819,A
102820,A
102821,C
102822,B
102823,B
102824,B
102825,B
102826,C
102827,B
102828,A
102829,A
102830,A
102831,B
102832,A
102833,D
102834,A
102835,C
102836,D
102837,C
102838,B
102839,C
102840,B
102841,B
102842,B
102843,A
102844,D
102845,C
102846,A
102847,D
102848,A
102849,C
102850,B
102851,B
102852,A
102853,A
102854,B
102855,A
102856,D
102857,B
102858,D
102859,D
102860,A
102861,A
102862,D
102863,A
102864,D
102865,D
102866,C
102867,C
102868,C
102869,D
102870,A
102871,A
102872,A
102873,D
102874,B
102875,A
102876,A
102877,A
102878,C
102879,D
102880,B
102881,B
102882,D
102883,B
102884,C
102885,A
102886,D
102887,B
102888,D
102889,A
102890,D
102891,C
102892,C
102893,B
102894,D
102895,C
102896,D
102897,A
102898,C
102899,C
102900,A
102901,C
102902,C
102903,A
102904,A
102905,B
102906,A
102907,B
102908,A
102909,D
102910,B
102911,C
102912,D
102913,A
102914,B
102915,B
102916,A
102917,C
102918,C
102919,C
102920,B
102921,D
102922,A
102923,A
102924,A
102925,C
102926,D
102927,D
102928,A
102929,D
102930,C
102931,A
102932,D
102933,C
102934,A
102935,D
102936,A
102937,A
102938,B
102939,C
102940,B
102941,C
102942,B
102943,A
102944,A
102945,D
102946,D
102947,D
102948,B
102949,C
102950,B
102951,B
102952,D
102953,D
102954,D
102955,A
102956,A
102957,A
102958,B
102959,B
102960,A
102961,A
102962,D
102963,B
102964,D
102965,A
102966,C
102967,A
102968,A
102969,B
102970,C
102971,D
102972,D
102973,C
102974,C
102975,B
102976,B
102977,A
102978,A
102979,C
102980,A
102981,D
102982,A
102983,D
102984,A
102985,D
102986,B
102987,D
102988,D
102989,B
102990,D
102991,A
102992,A
102993,C
102994,C
102995,A
102996,B
102997,D
102998,D
102999,A
103000,D
103001,C
103002,D
103003,D
103004,C
103005,C
103006,C
103007,C
103008,C
103009,D
103010,A
103011,B
103012,B
103013,C
103014,B
103015,C
103016,D
103017,C
103018,C
103019,A
103020,B
103021,B
103022,A
103023,C
103024,D
103025,C
103026,A
103027,B
103028,B
103029,C
103030,D
103031,C
103032,A
103033,B
103034,A
103035,D
103036,D
103037,B
103038,D
103039,C
103040,C
103041,B
103042,D
103043,C
103044,C
103045,C
103046,A
103047,B
103048,B
103049,B
103050,B
103051,C
103052,B
103053,D
103054,A
103055,A
103056,C
103057,A
103058,B
103059,C
103060,D
103061,A
103062,C
103063,C
103064,D
103065,A
103066,B
103067,B
103068,A
103069,B
103070,B
103071,A
103072,C
103073,A
103074,C
103075,D
103076,A
103077,A
103078,C
103079,A
103080,D
103081,C
103082,D
103083,C
103084,D
103085,C
103086,C
103087,B
103088,A
103089,B
103090,B
103091,B
103092,D
103093,D
103094,C
103095,D
103096,D
103097,A
103098,B
103099,A
103100,A
103101,C
103102,B
103103,D
103104,A
103105,B
103106,A
103107,B
103108,D
103109,C
103110,A
103111,D
103112,D
103113,B
103114,B
103115,C
103116,A
103117,D
103118,A
103119,C
103120,B
103121,B
103122,C
103123,B
103124,A
103125,C
103126,A
103127,C
103128,B
103129,C
103130,B
103131,C
103132,C
103133,B
103134,A
103135,B
103136,B
103137,C
103138,A
103139,B
103140,B
103141,D
103142,A
103143,B
103144,C
103145,D
103146,A
103147,A
103148,A
103149,A
103150,D
103151,A
103152,C
103153,B
103154,A
103155,B
103156,B
103157,C
103158,C
103159,D
103160,A
103161,C
103162,A
103163,C
103164,C
103165,A
103166,A
103167,C
103168,A
103169,A
103170,C
103171,B
103172,C
103173,A
103174,D
103175,B
103176,A
103177,A
103178,B
103179,A
103180,C
103181,B
103182,A
103183,C
103184,A
103185,D
103186,C
103187,C
103188,A
103189,C
103190,D
103191,B
103192,A
103193,D
103194,D
103195,A
103196,A
103197,B
103198,C
103199,C
103200,B
103201,C
103202,D
103203,C
103204,A
103205,D
103206,A
103207,D
103208,C
103209,A
103210,D
103211,C
103212,B
103213,C
103214,C
103215,D
103216,A
103217,B
103218,B
103219,A
103220,C
103221,A
103222,A
103223,A
103224,A
103225,C
103226,C
103227,A
103228,A
103229,A
103230,B
103231,C
103232,B
103233,A
103234,A
103235,A
103236,D
103237,A
103238,C
103239,B
103240,B
103241,D
103242,D
103243,B
103244,D
103245,A
103246,B
103247,C
103248,C
103249,B
103250,C
103251,A
103252,B
103253,C
103254,D
103255,B
103256,C
103257,B
103258,B
103259,B
103260,C
103261,A
103262,D
103263,A
103264,A
103265,A
103266,D
103267,D
103268,A
103269,B
103270,C
103271,C
103272,C
103273,A
103274,B
103275,B
103276,B
103277,B
103278,D
103279,A
103280,C
103281,A
103282,D
103283,D
103284,A
103285,B
103286,C
103287,B
103288,D
103289,C
103290,C
103291,C
103292,C
103293,A
103294,C
103295,A
103296,C
103297,B
103298,C
103299,A
103300,C
103301,C
103302,C
103303,C
103304,C
103305,B
103306,B
103307,B
103308,D
103309,C
103310,A
103311,A
103312,B
103313,C
103314,A
103315,A
103316,B
103317,A
103318,B
103319,B
103320,B
103321,C
103322,C
103323,C
103324,A
103325,A
103326,A
103327,C
103328,A
103329,D
103330,B
103331,D
103332,C
103333,D
103334,D
103335,D
103336,A
103337,D
103338,B
103339,B
103340,A
103341,A
103342,D
103343,D
103344,A
103345,D
103346,B
103347,A
103348,C
103349,D
103350,C
103351,D
103352,A
103353,A
103354,A
103355,A
103356,C
103357,B
103358,A
103359,B
103360,C
103361,C
103362,B
103363,B
103364,D
103365,A
103366,B
103367,C
103368,D
103369,A
103370,B
103371,B
103372,C
103373,B
103374,C
103375,B
103376,C
103377,A
103378,C
103379,C
103380,A
103381,A
103382,B
103383,A
103384,A
103385,A
103386,A
103387,C
103388,B
103389,C
103390,A
103391,B
103392,C
103393,D
103394,D
103395,C
103396,D
103397,A
103398,C
103399,C
103400,A
103401,C
103402,C
103403,C
103404,D
103405,D
103406,A
103407,C
103408,C
103409,B
103410,B
103411,B
103412,A
103413,B
103414,D
103415,B
103416,C
103417,A
103418,D
103419,A
103420,B
103421,D
103422,B
103423,A
103424,B
103425,A
103426,A
103427,B
103428,B
103429,C
103430,D
103431,A
103432,D
103433,B
103434,B
103435,B
103436,A
103437,C
103438,A
103439,D
103440,C
103441,C
103442,B
103443,C
103444,C
103445,C
103446,A
103447,A
103448,C
103449,B
103450,B
103451,C
103452,A
103453,D
103454,C
103455,B
103456,A
103457,B
103458,D
103459,B
103460,B
103461,C
103462,D
103463,A
103464,D
103465,B
103466,A
103467,D
103468,C
103469,A
103470,A
103471,C
103472,B
103473,C
103474,C
103475,D
103476,A
103477,C
103478,A
103479,D
103480,D
103481,B
103482,C
103483,A
103484,A
103485,D
103486,D
103487,D
103488,D
103489,A
103490,C
103491,D
103492,C
103493,A
103494,B
103495,D
103496,D
103497,C
103498,A
103499,D
103500,C
103501,C
103502,C
103503,C
103504,C
103505,D
103506,A
103507,C
103508,D
103509,D
103510,C
103511,D
103512,D
103513,D
103514,D
103515,A
103516,C
103517,C
103518,C
103519,A
103520,A
103521,D
103522,D
103523,A
103524,C
103525,C
103526,A
103527,D
103528,A
103529,C
103530,D
103531,C
103532,D
103533,B
103534,C
103535,A
103536,C
103537,A
103538,B
103539,A
103540,D
103541,D
103542,A
103543,D
103544,D
103545,B
103546,C
103547,D
103548,C
103549,D
103550,D
103551,B
103552,C
103553,B
103554,A
103555,B
103556,C
103557,B
103558,B
103559,A
103560,B
103561,C
103562,A
103563,C
103564,B
103565,D
103566,B
103567,D
103568,D
103569,C
103570,C
103571,B
103572,A
103573,D
103574,D
103575,B
103576,D
103577,B
103578,D
103579,D
103580,D
103581,C
103582,C
103583,B
103584,D
103585,A
103586,A
103587,D
103588,B
103589,C
103590,A
103591,A
103592,A
103593,C
103594,B
103595,D
103596,A
103597,A
103598,A
103599,A
103600,D
103601,A
103602,C
103603,C
103604,D
103605,C
103606,B
103607,C
103608,C
103609,B
103610,A
103611,B
103612,D
103613,B
103614,D
103615,B
103616,A
103617,D
103618,D
103619,C
103620,B
103621,A
103622,A
103623,A
103624,C
103625,B
103626,C
103627,C
103628,D
103629,D
103630,A
103631,C
103632,C
103633,A
103634,C
103635,A
103636,B
103637,B
103638,A
103639,B
103640,A
103641,B
103642,C
103643,A
103644,C
103645,B
103646,A
103647,B
103648,C
103649,C
103650,C
103651,A
103652,C
103653,D
103654,A
103655,D
103656,D
103657,D
103658,A
103659,B
103660,C
103661,B
103662,D
103663,B
103664,D
103665,A
103666,C
103667,D
103668,B
103669,D
103670,B
103671,B
103672,C
103673,B
103674,B
103675,C
103676,D
103677,B
103678,C
103679,D
103680,B
103681,D
103682,C
103683,B
103684,A
103685,A
103686,A
103687,B
103688,A
103689,C
103690,A
103691,B
103692,D
103693,B
103694,A
103695,C
103696,C
103697,B
103698,C
103699,A
103700,D
103701,B
103702,C
103703,C
103704,D
103705,D
103706,C
103707,C
103708,D
103709,A
103710,D
103711,B
103712,D
103713,C
103714,D
103715,A
103716,C
103717,A
103718,D
103719,D
103720,C
103721,C
103722,D
103723,C
103724,C
103725,B
103726,A
103727,C
103728,A
103729,D
103730,B
103731,C
103732,A
103733,D
103734,A
103735,A
103736,D
103737,A
103738,D
103739,B
103740,D
103741,A
103742,A
103743,B
103744,C
103745,B
103746,D
103747,B
103748,A
103749,D
103750,C
103751,A
103752,D
103753,D
103754,A
103755,C
103756,A
103757,B
103758,A
103759,B
103760,A
103761,A
103762,A
103763,B
103764,A
103765,C
103766,D
103767,C
103768,B
103769,A
103770,D
103771,B
103772,D
103773,D
103774,C
103775,B
103776,A
103777,C
103778,C
103779,A
103780,D
103781,B
103782,B
103783,C
103784,C
103785,D
103786,D
103787,D
103788,A
103789,D
103790,A
103791,C
103792,C
103793,B
103794,D
103795,C
103796,A
103797,A
103798,A
103799,C
103800,C
103801,B
103802,B
103803,C
103804,A
103805,A
103806,B
103807,B
103808,B
103809,C
103810,D
103811,B
103812,A
103813,D
103814,B
103815,C
103816,C
103817,C
103818,D
103819,D
103820,D
103821,A
103822,A
103823,B
103824,B
103825,B
103826,A
103827,A
103828,B
103829,A
103830,D
103831,B
103832,D
103833,A
103834,B
103835,C
103836,C
103837,A
103838,A
103839,B
103840,B
103841,B
103842,C
103843,A
103844,D
103845,A
103846,B
103847,B
103848,A
103849,D
103850,D
103851,D
103852,A
103853,B
103854,A
103855,C
103856,D
103857,C
103858,C
103859,B
103860,A
103861,C
103862,A
103863,D
103864,B
103865,B
103866,D
103867,C
103868,D
103869,C
103870,C
103871,C
103872,C
103873,A
103874,D
103875,A
103876,D
103877,C
103878,A
103879,A
103880,A
103881,A
103882,A
103883,B
103884,A
103885,D
103886,D
103887,B
103888,A
103889,B
103890,A
103891,A
103892,C
103893,B
103894,D
103895,C
103896,C
103897,B
103898,C
103899,C
103900,B
103901,C
103902,D
103903,D
103904,B
103905,A
103906,A
103907,B
103908,D
103909,A
103910,B
103911,A
103912,C
103913,A
103914,A
103915,B
103916,D
103917,D
103918,D
103919,C
103920,A
103921,B
103922,A
103923,B
103924,C
103925,B
103926,B
103927,A
103928,B
103929,B
103930,C
103931,B
103932,A
103933,B
103934,A
103935,A
103936,D
103937,D
103938,D
103939,A
103940,B
103941,D
103942,D
103943,A
103944,C
103945,C
103946,C
103947,B
103948,B
103949,C
103950,C
103951,D
103952,C
103953,D
103954,D
103955,A
103956,B
103957,A
103958,A
103959,C
103960,A
103961,C
103962,A
103963,C
103964,B
103965,C
103966,A
103967,C
103968,D
103969,A
103970,D
103971,B
103972,B
103973,A
103974,D
103975,C
103976,C
103977,A
103978,D
103979,B
103980,D
103981,D
103982,D
103983,D
103984,D
103985,A
103986,D
103987,D
103988,B
103989,C
103990,A
103991,D
103992,A
103993,B
103994,A
103995,D
103996,D
103997,D
103998,B
103999,A
104000,B
104001,D
104002,D
104003,C
104004,C
104005,A
104006,C
104007,C
104008,C
104009,C
104010,A
104011,A
104012,B
104013,A
104014,A
104015,D
104016,C
104017,A
104018,A
104019,B
104020,A
104021,D
104022,C
104023,C
104024,C
104025,C
104026,D
104027,A
104028,D
104029,C
104030,B
104031,D
104032,D
104033,D
104034,C
104035,C
104036,C
104037,B
104038,C
104039,B
104040,C
104041,C
104042,B
104043,B
104044,B
104045,B
104046,D
104047,D
104048,A
104049,A
104050,D
104051,A
104052,B
104053,A
104054,D
104055,C
104056,B
104057,D
104058,C
104059,A
104060,A
104061,D
104062,B
104063,D
104064,C
104065,C
104066,C
104067,C
104068,B
104069,C
104070,D
104071,D
104072,B
104073,B
104074,C
104075,D
104076,C
104077,B
104078,D
104079,A
104080,B
104081,C
104082,D
104083,D
104084,B
104085,C
104086,B
104087,B
104088,A
104089,B
104090,A
104091,B
104092,B
104093,B
104094,A
104095,D
104096,A
104097,D
104098,A
104099,A
104100,D
104101,D
104102,C
104103,A
104104,D
104105,B
104106,B
104107,A
104108,B
104109,C
104110,B
104111,B
104112,A
104113,A
104114,A
104115,C
104116,C
104117,C
104118,A
104119,B
104120,B
104121,B
104122,D
104123,A
104124,C
104125,D
104126,B
104127,C
104128,A
104129,B
104130,A
104131,C
104132,B
104133,D
104134,A
104135,A
104136,C
104137,B
104138,D
104139,A
104140,C
104141,A
104142,C
104143,C
104144,D
104145,A
104146,B
104147,C
104148,D
104149,D
104150,C
104151,D
104152,B
104153,A
104154,C
104155,C
104156,C
104157,C
104158,B
104159,D
104160,B
104161,D
104162,D
104163,B
104164,D
104165,C
104166,D
104167,A
104168,A
104169,C
104170,A
104171,D
104172,C
104173,D
104174,C
104175,C
104176,A
104177,C
104178,C
104179,C
104180,D
104181,D
104182,D
104183,B
104184,C
104185,C
104186,D
104187,B
104188,A
104189,A
104190,A
104191,B
104192,C
104193,C
104194,A
104195,C
104196,B
104197,C
104198,B
104199,D
104200,B
104201,D
104202,D
104203,D
104204,B
104205,C
104206,D
104207,D
104208,A
104209,C
104210,A
104211,A
104212,B
104213,C
104214,A
104215,D
104216,B
104217,B
104218,A
104219,B
104220,A
104221,B
104222,D
104223,B
104224,C
104225,B
104226,C
104227,B
104228,D
104229,B
104230,A
104231,C
104232,A
104233,B
104234,C
104235,A
104236,D
104237,A
104238,B
104239,D
104240,A
104241,C
104242,C
104243,A
104244,C
104245,C
104246,C
104247,C
104248,D
104249,A
104250,B
104251,B
104252,D
104253,D
104254,D
104255,D
104256,C
104257,C
104258,A
104259,D
104260,B
104261,D
104262,C
104263,A
104264,D
104265,B
104266,C
104267,D
104268,A
104269,A
104270,D
104271,C
104272,D
104273,A
104274,D
104275,A
104276,C
104277,D
104278,C
104279,A
104280,C
104281,D
104282,C
104283,D
104284,C
104285,B
104286,C
104287,C
104288,A
104289,D
104290,B
104291,C
104292,A
104293,B
104294,C
104295,D
104296,D
104297,D
104298,C
104299,C
104300,A
104301,C
104302,B
104303,B
104304,B
104305,B
104306,B
104307,A
104308,D
104309,A
104310,C
104311,B
104312,C
104313,C
104314,B
104315,A
104316,B
104317,D
104318,D
104319,A
104320,D
104321,C
104322,B
104323,B
104324,D
104325,B
104326,B
104327,C
104328,C
104329,B
104330,A
104331,D
104332,D
104333,D
104334,A
104335,A
104336,D
104337,B
104338,D
104339,B
104340,C
104341,D
104342,B
104343,B
104344,A
104345,C
104346,D
104347,D
104348,B
104349,C
104350,D
104351,C
104352,B
104353,C
104354,D
104355,D
104356,D
104357,B
104358,C
104359,D
104360,D
104361,D
104362,A
104363,A
104364,A
104365,C
104366,C
104367,D
104368,C
104369,D
104370,C
104371,C
104372,B
104373,C
104374,C
104375,D
104376,B
104377,A
104378,C
104379,D
104380,D
104381,B
104382,A
104383,B
104384,D
104385,C
104386,D
104387,B
104388,C
104389,A
104390,B
104391,A
104392,D
104393,A
104394,B
104395,C
104396,D
104397,A
104398,B
104399,A
104400,B
104401,D
104402,D
104403,A
104404,A
104405,B
104406,D
104407,C
104408,D
104409,D
104410,D
104411,C
104412,A
104413,C
104414,B
104415,A
104416,C
104417,A
104418,D
104419,A
104420,B
104421,A
104422,D
104423,A
104424,A
104425,C
104426,D
104427,D
104428,A
104429,C
104430,B
104431,A
104432,A
104433,A
104434,C
104435,B
104436,C
104437,B
104438,A
104439,B
104440,B
104441,A
104442,B
104443,D
104444,D
104445,C
104446,B
104447,A
104448,A
104449,A
104450,A
104451,A
104452,C
104453,A
104454,B
104455,D
104456,D
104457,C
104458,A
104459,A
104460,D
104461,D
104462,B
104463,C
104464,D
104465,B
104466,A
104467,A
104468,B
104469,A
104470,A
104471,B
104472,C
104473,D
104474,C
104475,A
104476,A
104477,D
104478,D
104479,B
104480,D
104481,C
104482,C
104483,A
104484,B
104485,C
104486,A
104487,C
104488,B
104489,A
104490,D
104491,A
104492,B
104493,A
104494,C
104495,C
104496,A
104497,A
104498,D
104499,B
104500,D
104501,A
104502,C
104503,C
104504,A
104505,C
104506,A
104507,B
104508,B
104509,D
104510,D
104511,A
104512,C
104513,A
104514,B
104515,C
104516,B
104517,B
104518,B
104519,D
104520,A
104521,D
104522,C
104523,D
104524,A
104525,C
104526,D
104527,C
104528,C
104529,D
104530,B
104531,D
104532,B
104533,B
104534,D
104535,B
104536,D
104537,D
104538,C
104539,A
104540,C
104541,A
104542,A
104543,A
104544,D
104545,C
104546,B
104547,D
104548,C
104549,B
104550,B
104551,B
104552,C
104553,B
104554,B
104555,C
104556,C
104557,D
104558,A
104559,A
104560,B
104561,D
104562,A
104563,A
104564,B
104565,D
104566,A
104567,D
104568,D
104569,D
104570,B
104571,C
104572,D
104573,C
104574,D
104575,D
104576,B
104577,C
104578,C
104579,B
104580,C
104581,B
104582,B
104583,D
104584,D
104585,B
104586,C
104587,B
104588,C
104589,D
104590,D
104591,D
104592,A
104593,C
104594,A
104595,D
104596,C
104597,D
104598,C
104599,C
104600,B
104601,C
104602,A
104603,D
104604,D
104605,A
104606,D
104607,B
104608,B
104609,A
104610,A
104611,A
104612,B
104613,C
104614,B
104615,C
104616,A
104617,A
104618,D
104619,C
104620,D
104621,A
104622,A
104623,C
104624,C
104625,D
104626,D
104627,C
104628,B
104629,A
104630,B
104631,D
104632,D
104633,C
104634,A
104635,A
104636,C
104637,B
104638,C
104639,C
104640,D
104641,B
104642,A
104643,D
104644,A
104645,D
104646,B
104647,C
104648,A
104649,C
104650,D
104651,B
104652,A
104653,A
104654,D
104655,A
104656,B
104657,A
104658,B
104659,B
104660,A
104661,C
104662,B
104663,A
104664,D
104665,C
104666,D
104667,C
104668,D
104669,B
104670,A
104671,D
104672,B
104673,B
104674,B
104675,A
104676,A
104677,C
104678,C
104679,C
104680,C
104681,D
104682,D
104683,D
104684,D
104685,D
104686,A
104687,C
104688,C
104689,C
104690,B
104691,A
104692,D
104693,C
104694,A
104695,B
104696,D
104697,A
104698,A
104699,C
104700,C
104701,D
104702,D
104703,A
104704,C
104705,B
104706,A
104707,C
104708,A
104709,A
104710,C
104711,B
104712,B
104713,D
104714,A
104715,B
104716,A
104717,B
104718,B
104719,A
104720,A
104721,D
104722,A
104723,C
104724,A
104725,B
104726,D
104727,D
104728,D
104729,B
104730,A
104731,A
104732,B
104733,A
104734,C
104735,D
104736,D
104737,B
104738,B
104739,C
104740,A
104741,B
104742,D
104743,A
104744,B
104745,C
104746,C
104747,B
104748,D
104749,A
104750,D
104751,B
104752,D
104753,B
104754,B
104755,D
104756,B
104757,D
104758,D
104759,B
104760,B
104761,A
104762,A
104763,B
104764,C
104765,A
104766,C
104767,D
104768,D
104769,C
104770,B
104771,C
104772,C
104773,C
104774,B
104775,A
104776,B
104777,B
104778,C
104779,C
104780,C
104781,A
104782,C
104783,A
104784,D
104785,C
104786,C
104787,D
104788,A
104789,D
104790,A
104791,C
104792,A
104793,B
104794,C
104795,C
104796,A
104797,A
104798,C
104799,B
104800,C
104801,A
104802,B
104803,B
104804,B
104805,B
104806,A
104807,A
104808,A
104809,B
104810,B
104811,B
104812,D
104813,D
104814,B
104815,A
104816,A
104817,C
104818,C
104819,A
104820,A
104821,C
104822,C
104823,D
104824,D
104825,B
104826,A
104827,A
104828,A
104829,C
104830,B
104831,A
104832,D
104833,B
104834,B
104835,A
104836,D
104837,A
104838,B
104839,D
104840,A
104841,B
104842,C
104843,A
104844,A
104845,D
104846,C
104847,D
104848,B
104849,C
104850,D
104851,A
104852,A
104853,A
104854,A
104855,A
104856,C
104857,D
104858,A
104859,C
104860,A
104861,C
104862,B
104863,B
104864,D
104865,B
104866,B
104867,A
104868,D
104869,A
104870,A
104871,A
104872,D
104873,C
104874,C
104875,C
104876,B
104877,A
104878,D
104879,C
104880,C
104881,C
104882,B
104883,B
104884,C
104885,A
104886,B
104887,D
104888,B
104889,C
104890,D
104891,C
104892,B
104893,B
104894,C
104895,D
104896,C
104897,D
104898,A
104899,A
104900,D
104901,A
104902,C
104903,A
104904,A
104905,C
104906,A
104907,D
104908,D
104909,C
104910,A
104911,B
104912,A
104913,B
104914,C
104915,B
104916,B
104917,C
104918,B
104919,D
104920,D
104921,D
104922,B
104923,A
104924,A
104925,D
104926,B
104927,A
104928,C
104929,A
104930,A
104931,A
104932,B
104933,B
104934,D
104935,D
104936,A
104937,B
104938,B
104939,D
104940,A
104941,B
104942,B
104943,D
104944,B
104945,C
104946,B
104947,D
104948,C
104949,A
104950,A
104951,D
104952,D
104953,D
104954,C
104955,D
104956,D
104957,D
104958,C
104959,B
104960,C
104961,D
104962,A
104963,C
104964,B
104965,A
104966,B
104967,C
104968,B
104969,D
104970,C
104971,D
104972,A
104973,D
104974,D
104975,A
104976,D
104977,C
104978,B
104979,D
104980,A
104981,D
104982,D
104983,B
104984,C
104985,D
104986,B
104987,A
104988,D
104989,A
104990,C
104991,D
104992,A
104993,A
104994,A
104995,A
104996,C
104997,A
104998,D
104999,C
105000,A
105001,D
105002,D
105003,B
105004,C
105005,C
105006,A
105007,C
105008,A
105009,A
105010,D
105011,C
105012,A
105013,A
105014,C
105015,D
105016,D
105017,B
105018,D
105019,A
105020,A
105021,D
105022,B
105023,C
105024,B
105025,C
105026,A
105027,C
105028,C
105029,A
105030,D
105031,A
105032,D
105033,D
105034,A
105035,A
105036,C
105037,A
105038,D
105039,A
105040,B
105041,B
105042,A
105043,C
105044,A
105045,B
105046,B
105047,C
105048,C
105049,A
105050,A
105051,C
105052,D
105053,A
105054,A
105055,D
105056,B
105057,B
105058,D
105059,A
105060,B
105061,A
105062,D
105063,C
105064,A
105065,B
105066,D
105067,D
105068,B
105069,C
105070,D
105071,B
105072,A
105073,A
105074,A
105075,C
105076,D
105077,A
105078,B
105079,D
105080,A
105081,C
105082,C
105083,C
105084,C
105085,D
105086,B
105087,D
105088,C
105089,A
105090,B
105091,D
105092,C
105093,D
105094,D
105095,A
105096,B
105097,D
105098,B
105099,B
105100,C
105101,C
105102,A
105103,C
105104,C
105105,B
105106,C
105107,B
105108,B
105109,B
105110,A
105111,A
105112,D
105113,A
105114,A
105115,A
105116,C
105117,A
105118,B
105119,D
105120,B
105121,D
105122,A
105123,D
105124,B
105125,C
105126,B
105127,C
105128,C
105129,B
105130,B
105131,A
105132,B
105133,C
105134,C
105135,C
105136,C
105137,D
105138,D
105139,B
105140,C
105141,A
105142,B
105143,D
105144,B
105145,A
105146,A
105147,C
105148,D
105149,B
105150,A
105151,B
105152,C
105153,B
105154,C
105155,C
105156,A
105157,A
105158,B
105159,C
105160,D
105161,D
105162,A
105163,A
105164,B
105165,A
105166,B
105167,D
105168,B
105169,B
105170,C
105171,A
105172,A
105173,A
105174,D
105175,B
105176,B
105177,D
105178,A
105179,A
105180,C
105181,D
105182,A
105183,D
105184,C
105185,B
105186,C
105187,B
105188,B
105189,A
105190,A
105191,D
105192,A
105193,A
105194,C
105195,A
105196,D
105197,B
105198,C
105199,D
105200,B
105201,D
105202,A
105203,B
105204,A
105205,A
105206,B
105207,D
105208,A
105209,B
105210,A
105211,B
105212,C
105213,A
105214,C
105215,C
105216,B
105217,A
105218,C
105219,A
105220,D
105221,C
105222,A
105223,A
105224,A
105225,A
105226,C
105227,C
105228,D
105229,A
105230,B
105231,B
105232,A
105233,D
105234,D
105235,B
105236,C
105237,C
105238,A
105239,A
105240,A
105241,A
105242,D
105243,B
105244,D
105245,C
105246,B
105247,B
105248,D
105249,D
105250,A
105251,D
105252,A
105253,C
105254,C
105255,B
105256,B
105257,B
105258,A
105259,D
105260,B
105261,B
105262,B
105263,A
105264,C
105265,A
105266,B
105267,B
105268,B
105269,D
105270,A
105271,D
105272,A
105273,D
105274,B
105275,B
105276,C
105277,B
105278,C
105279,A
105280,D
105281,D
105282,B
105283,B
105284,D
105285,A
105286,B
105287,B
105288,C
105289,A
105290,D
105291,D
105292,C
105293,B
105294,B
105295,A
105296,C
105297,C
105298,A
105299,A
105300,C
105301,B
105302,B
105303,C
105304,D
105305,C
105306,D
105307,A
105308,C
105309,B
105310,D
105311,C
105312,D
105313,B
105314,D
105315,B
105316,A
105317,D
105318,C
105319,D
105320,B
105321,B
105322,D
105323,C
105324,A
105325,D
105326,D
105327,B
105328,A
105329,B
105330,C
105331,B
105332,D
105333,D
105334,D
105335,B
105336,D
105337,D
105338,D
105339,D
105340,D
105341,D
105342,D
105343,B
105344,A
105345,C
105346,B
105347,A
105348,B
105349,C
105350,C
105351,A
105352,D
105353,C
105354,D
105355,C
105356,D
105357,D
105358,C
105359,C
105360,D
105361,B
105362,D
105363,A
105364,A
105365,B
105366,C
105367,D
105368,A
105369,C
105370,C
105371,C
105372,B
105373,A
105374,B
105375,C
105376,A
105377,D
105378,D
105379,D
105380,D
105381,A
105382,B
105383,C
105384,D
105385,D
105386,A
105387,D
105388,B
105389,B
105390,A
105391,B
105392,D
105393,D
105394,D
105395,C
105396,C
105397,A
105398,D
105399,A
105400,C
105401,C
105402,B
105403,C
105404,A
105405,B
105406,D
105407,A
105408,A
105409,D
105410,D
105411,B
105412,D
105413,D
105414,C
105415,D
105416,D
105417,D
105418,A
105419,A
105420,A
105421,A
105422,D
105423,C
105424,B
105425,C
105426,C
105427,B
105428,D
105429,B
105430,B
105431,A
105432,C
105433,B
105434,C
105435,D
105436,D
105437,A
105438,C
105439,B
105440,C
105441,C
105442,C
105443,A
105444,D
105445,C
105446,A
105447,C
105448,A
105449,D
105450,A
105451,C
105452,A
105453,C
105454,A
105455,A
105456,D
105457,C
105458,C
105459,A
105460,A
105461,A
105462,A
105463,B
105464,D
105465,C
105466,C
105467,B
105468,D
105469,A
105470,D
105471,D
105472,B
105473,A
105474,C
105475,D
105476,A
105477,B
105478,B
105479,C
105480,D
105481,A
105482,C
105483,D
105484,C
105485,B
105486,A
105487,C
105488,B
105489,B
105490,A
105491,D
105492,D
105493,C
105494,C
105495,C
105496,A
105497,A
105498,A
105499,C
105500,B
105501,C
105502,A
105503,D
105504,C
105505,C
105506,A
105507,B
105508,D
105509,B
105510,C
105511,D
105512,C
105513,A
105514,A
105515,B
105516,B
105517,D
105518,C
105519,B
105520,B
105521,B
105522,A
105523,A
105524,C
105525,D
105526,A
105527,D
105528,A
105529,A
105530,B
105531,B
105532,A
105533,B
105534,B
105535,D
105536,D
105537,C
105538,C
105539,D
105540,B
105541,B
105542,B
105543,D
105544,C
105545,B
105546,B
105547,D
105548,D
105549,B
105550,B
105551,A
105552,B
105553,B
105554,A
105555,D
105556,B
105557,A
105558,C
105559,D
105560,A
105561,B
105562,D
105563,D
105564,C
105565,D
105566,B
105567,D
105568,D
105569,C
105570,A
105571,B
105572,D
105573,D
105574,B
105575,C
105576,B
105577,A
105578,C
105579,B
105580,D
105581,A
105582,B
105583,A
105584,D
105585,B
105586,C
105587,D
105588,C
105589,C
105590,C
105591,D
105592,B
105593,A
105594,A
105595,D
105596,A
105597,C
105598,A
105599,D
105600,C
105601,D
105602,D
105603,C
105604,D
105605,D
105606,B
105607,A
105608,B
105609,B
105610,B
105611,B
105612,B
105613,D
105614,C
105615,A
105616,A
105617,C
105618,A
105619,C
105620,D
105621,B
105622,C
105623,A
105624,D
105625,B
105626,B
105627,D
105628,D
105629,D
105630,C
105631,B
105632,C
105633,B
105634,C
105635,C
105636,B
105637,A
105638,C
105639,D
105640,C
105641,A
105642,A
105643,D
105644,B
105645,C
105646,A
105647,B
105648,D
105649,A
105650,A
105651,B
105652,A
105653,A
105654,D
105655,A
105656,B
105657,C
105658,A
105659,D
105660,B
105661,D
105662,D
105663,C
105664,C
105665,A
105666,A
105667,D
105668,A
105669,A
105670,B
105671,D
105672,D
105673,B
105674,D
105675,A
105676,D
105677,C
105678,D
105679,C
105680,A
105681,D
105682,C
105683,A
105684,A
105685,D
105686,D
105687,C
105688,D
105689,D
105690,D
105691,D
105692,A
105693,B
105694,D
105695,C
105696,B
105697,D
105698,B
105699,D
105700,C
105701,B
105702,B
105703,B
105704,D
105705,D
105706,C
105707,C
105708,B
105709,A
105710,A
105711,D
105712,C
105713,A
105714,A
105715,A
105716,C
105717,D
105718,A
105719,C
105720,A
105721,C
105722,D
105723,D
105724,D
105725,C
105726,D
105727,D
105728,D
105729,C
105730,A
105731,A
105732,B
105733,C
105734,A
105735,C
105736,B
105737,D
105738,A
105739,D
105740,D
105741,A
105742,D
105743,C
105744,D
105745,A
105746,D
105747,B
105748,C
105749,B
105750,B
105751,B
105752,B
105753,C
105754,C
105755,D
105756,A
105757,D
105758,C
105759,B
105760,C
105761,C
105762,D
105763,C
105764,C
105765,B
105766,C
105767,D
105768,D
105769,B
105770,C
105771,C
105772,A
105773,A
105774,C
105775,D
105776,A
105777,B
105778,C
105779,A
105780,C
105781,B
105782,C
105783,A
105784,B
105785,C
105786,C
105787,A
105788,D
105789,A
105790,A
105791,B
105792,D
105793,A
105794,C
105795,D
105796,B
105797,D
105798,B
105799,A
105800,B
105801,A
105802,B
105803,C
105804,A
105805,A
105806,D
105807,B
105808,A
105809,C
105810,C
105811,D
105812,C
105813,C
105814,C
105815,A
105816,D
105817,B
105818,C
105819,A
105820,B
105821,B
105822,A
105823,A
105824,B
105825,C
105826,C
105827,B
105828,B
105829,C
105830,C
105831,C
105832,D
105833,A
105834,B
105835,B
105836,B
105837,B
105838,C
105839,D
105840,D
105841,B
105842,A
105843,D
105844,A
105845,D
105846,B
105847,C
105848,B
105849,B
105850,B
105851,C
105852,A
105853,A
105854,D
105855,D
105856,A
105857,A
105858,A
105859,C
105860,A
105861,C
105862,C
105863,D
105864,D
105865,A
105866,C
105867,B
105868,A
105869,C
105870,C
105871,C
105872,C
105873,B
105874,A
105875,B
105876,D
105877,B
105878,D
105879,A
105880,C
105881,C
105882,B
105883,B
105884,B
105885,D
105886,A
105887,A
105888,C
105889,D
105890,D
105891,A
105892,A
105893,C
105894,D
105895,A
105896,A
105897,B
105898,C
105899,D
105900,D
105901,B
105902,B
105903,A
105904,C
105905,C
105906,A
105907,A
105908,B
105909,D
105910,B
105911,D
105912,B
105913,A
105914,C
105915,B
105916,B
105917,A
105918,B
105919,B
105920,A
105921,D
105922,C
105923,D
105924,B
105925,A
105926,A
105927,A
105928,A
105929,D
105930,C
105931,D
105932,B
105933,A
105934,B
105935,C
105936,A
105937,B
105938,D
105939,A
105940,B
105941,A
105942,C
105943,C
105944,A
105945,D
105946,B
105947,B
105948,C
105949,A
105950,D
105951,A
105952,C
105953,D
105954,D
105955,C
105956,B
105957,B
105958,D
105959,D
105960,C
105961,D
105962,A
105963,D
105964,A
105965,B
105966,A
105967,A
105968,C
105969,C
105970,C
105971,D
105972,C
105973,A
105974,D
105975,C
105976,D
105977,A
105978,C
105979,A
105980,D
105981,A
105982,D
105983,C
105984,C
105985,A
105986,A
105987,A
105988,B
105989,B
105990,A
105991,D
105992,C
105993,C
105994,C
105995,B
105996,B
105997,C
105998,A
105999,D
106000,D
106001,D
106002,C
106003,C
106004,D
106005,A
106006,B
106007,A
106008,B
106009,C
106010,B
106011,A
106012,C
106013,D
106014,B
106015,C
106016,B
106017,A
106018,B
106019,C
106020,C
106021,C
106022,C
106023,B
106024,C
106025,D
106026,A
106027,A
106028,A
106029,A
106030,D
106031,B
106032,B
106033,D
106034,B
106035,D
106036,C
106037,B
106038,A
106039,A
106040,B
106041,A
106042,A
106043,A
106044,B
106045,A
106046,D
106047,D
106048,A
106049,C
106050,A
106051,C
106052,A
106053,A
106054,D
106055,D
106056,D
106057,D
106058,A
106059,A
106060,D
106061,D
106062,D
106063,A
106064,C
106065,A
106066,B
106067,D
106068,D
106069,A
106070,D
106071,C
106072,D
106073,A
106074,C
106075,B
106076,A
106077,C
106078,A
106079,A
106080,C
106081,C
106082,B
106083,C
106084,D
106085,D
106086,C
106087,B
106088,D
106089,A
106090,B
106091,A
106092,A
106093,B
106094,D
106095,B
106096,D
106097,D
106098,A
106099,A
106100,A
106101,A
106102,A
106103,B
106104,A
106105,A
106106,A
106107,A
106108,B
106109,A
106110,B
106111,D
106112,D
106113,A
106114,C
106115,A
106116,C
106117,B
106118,C
106119,D
106120,B
106121,C
106122,D
106123,D
106124,D
106125,C
106126,C
106127,B
106128,B
106129,A
106130,A
106131,C
106132,C
106133,A
106134,C
106135,D
106136,D
106137,B
106138,D
106139,A
106140,D
106141,A
106142,B
106143,D
106144,C
106145,C
106146,B
106147,B
106148,C
106149,C
106150,D
106151,A
106152,A
106153,A
106154,A
106155,B
106156,B
106157,C
106158,B
106159,D
106160,B
106161,D
106162,B
106163,B
106164,C
106165,D
106166,A
106167,A
106168,D
106169,B
106170,A
106171,B
106172,B
106173,A
106174,D
106175,D
106176,D
106177,D
106178,D
106179,D
106180,D
106181,B
106182,B
106183,C
106184,A
106185,D
106186,D
106187,A
106188,A
106189,B
106190,A
106191,A
106192,A
106193,C
106194,A
106195,C
106196,C
106197,B
106198,B
106199,B
106200,A
106201,C
106202,A
106203,D
106204,B
106205,B
106206,C
106207,B
106208,D
106209,A
106210,A
106211,C
106212,A
106213,A
106214,B
106215,D
106216,D
106217,A
106218,D
106219,B
106220,D
106221,D
106222,D
106223,C
106224,A
106225,D
106226,D
106227,A
106228,B
106229,A
106230,B
106231,D
106232,A
106233,A
106234,C
106235,D
106236,C
106237,A
106238,D
106239,B
106240,D
106241,C
106242,D
106243,D
106244,D
106245,C
106246,C
106247,B
106248,B
106249,B
106250,D
106251,B
106252,B
106253,D
106254,B
106255,D
106256,B
106257,A
106258,C
106259,B
106260,C
106261,C
106262,C
106263,D
106264,C
106265,C
106266,D
106267,A
106268,C
106269,B
106270,D
106271,A
106272,C
106273,A
106274,C
106275,A
106276,D
106277,B
106278,D
106279,D
106280,A
106281,C
106282,C
106283,B
106284,D
106285,B
106286,B
106287,D
106288,A
106289,D
106290,C
106291,D
106292,A
106293,A
106294,B
106295,D
106296,C
106297,A
106298,C
106299,C
106300,D
106301,B
106302,B
106303,A
106304,A
106305,D
106306,D
106307,A
106308,B
106309,C
106310,C
106311,C
106312,B
106313,B
106314,C
106315,A
106316,C
106317,D
106318,D
106319,B
106320,B
106321,C
106322,A
106323,A
106324,C
106325,B
106326,B
106327,D
106328,A
106329,A
106330,D
106331,C
106332,D
106333,C
106334,C
106335,B
106336,D
106337,C
106338,D
106339,D
106340,A
106341,B
106342,A
106343,D
106344,C
106345,B
106346,B
106347,A
106348,A
106349,D
106350,D
106351,B
106352,A
106353,B
106354,C
106355,D
106356,C
106357,B
106358,C
106359,D
106360,D
106361,C
106362,D
106363,C
106364,A
106365,D
106366,A
106367,B
106368,A
106369,D
106370,A
106371,C
106372,A
106373,A
106374,B
106375,B
106376,D
106377,D
106378,C
106379,C
106380,B
106381,C
106382,B
106383,D
106384,B
106385,A
106386,A
106387,B
106388,A
106389,D
106390,D
106391,D
106392,A
106393,A
106394,A
106395,C
106396,B
106397,D
106398,C
106399,A
106400,C
106401,A
106402,B
106403,A
106404,A
106405,B
106406,C
106407,C
106408,B
106409,A
106410,C
106411,B
106412,D
106413,A
106414,A
106415,D
106416,A
106417,D
106418,B
106419,A
106420,A
106421,A
106422,D
106423,C
106424,A
106425,D
106426,A
106427,A
106428,B
106429,A
106430,B
106431,D
106432,A
106433,D
106434,C
106435,B
106436,C
106437,C
106438,C
106439,A
106440,D
106441,B
106442,C
106443,A
106444,A
106445,D
106446,C
106447,A
106448,B
106449,A
106450,A
106451,B
106452,C
106453,A
106454,D
106455,C
106456,D
106457,D
106458,A
106459,B
106460,B
106461,A
106462,D
106463,B
106464,A
106465,C
106466,B
106467,D
106468,B
106469,A
106470,D
106471,C
106472,D
106473,C
106474,A
106475,C
106476,B
106477,A
106478,D
106479,D
106480,B
106481,A
106482,B
106483,D
106484,A
106485,D
106486,A
106487,B
106488,B
106489,A
106490,D
106491,B
106492,C
106493,A
106494,C
106495,A
106496,D
106497,A
106498,A
106499,A
106500,C
106501,B
106502,C
106503,B
106504,B
106505,A
106506,A
106507,B
106508,D
106509,A
106510,D
106511,C
106512,A
106513,D
106514,B
106515,A
106516,C
106517,D
106518,A
106519,C
106520,D
106521,A
106522,C
106523,C
106524,B
106525,B
106526,D
106527,B
106528,C
106529,D
106530,D
106531,C
106532,A
106533,B
106534,A
106535,A
106536,C
106537,C
106538,C
106539,A
106540,C
106541,C
106542,C
106543,C
106544,C
106545,D
106546,D
106547,B
106548,A
106549,A
106550,B
106551,B
106552,B
106553,A
106554,A
106555,C
106556,B
106557,C
106558,B
106559,D
106560,D
106561,C
106562,D
106563,B
106564,B
106565,C
106566,C
106567,B
106568,C
106569,B
106570,D
106571,D
106572,A
106573,D
106574,A
106575,A
106576,B
106577,B
106578,D
106579,A
106580,D
106581,A
106582,D
106583,B
106584,B
106585,B
106586,B
106587,B
106588,A
106589,D
106590,D
106591,B
106592,A
106593,A
106594,B
106595,C
106596,B
106597,D
106598,C
106599,C
106600,B
106601,D
106602,A
106603,B
106604,B
106605,B
106606,D
106607,B
106608,D
106609,D
106610,B
106611,B
106612,A
106613,B
106614,C
106615,C
106616,A
106617,D
106618,C
106619,B
106620,C
106621,C
106622,C
106623,C
106624,B
106625,D
106626,C
106627,D
106628,C
106629,B
106630,D
106631,A
106632,D
106633,C
106634,A
106635,D
106636,D
106637,C
106638,D
106639,B
106640,B
106641,B
106642,A
106643,B
106644,C
106645,C
106646,B
106647,B
106648,B
106649,B
106650,A
106651,C
106652,A
106653,C
106654,A
106655,B
106656,C
106657,C
106658,A
106659,B
106660,D
106661,A
106662,A
106663,A
106664,D
106665,B
106666,C
106667,A
106668,D
106669,A
106670,C
106671,B
106672,C
106673,B
106674,C
106675,B
106676,A
106677,B
106678,B
106679,A
106680,A
106681,D
106682,A
106683,D
106684,A
106685,C
106686,A
106687,C
106688,D
106689,A
106690,C
106691,B
106692,A
106693,D
106694,A
106695,A
106696,A
106697,B
106698,D
106699,D
106700,C
106701,C
106702,C
106703,D
106704,A
106705,C
106706,A
106707,B
106708,D
106709,B
106710,C
106711,D
106712,B
106713,A
106714,C
106715,A
106716,A
106717,C
106718,C
106719,A
106720,D
106721,C
106722,A
106723,B
106724,D
106725,C
106726,A
106727,B
106728,B
106729,B
106730,D
106731,B
106732,A
106733,A
106734,C
106735,A
106736,A
106737,C
106738,A
106739,D
106740,D
106741,A
106742,B
106743,B
106744,C
106745,A
106746,B
106747,A
106748,D
106749,C
106750,D
106751,A
106752,B
106753,C
106754,D
106755,B
106756,D
106757,A
106758,A
106759,D
106760,C
106761,A
106762,A
106763,D
106764,A
106765,D
106766,A
106767,D
106768,B
106769,A
106770,D
106771,D
106772,B
106773,D
106774,A
106775,D
106776,C
106777,A
106778,C
106779,D
106780,D
106781,C
106782,B
106783,A
106784,C
106785,A
106786,B
106787,A
106788,C
106789,D
106790,A
106791,B
106792,D
106793,B
106794,D
106795,B
106796,D
106797,A
106798,B
106799,A
106800,C
106801,B
106802,D
106803,A
106804,C
106805,A
106806,A
106807,B
106808,C
106809,B
106810,C
106811,D
106812,A
106813,B
106814,C
106815,B
106816,A
106817,B
106818,D
106819,B
106820,D
106821,B
106822,C
106823,D
106824,D
106825,D
106826,A
106827,C
106828,D
106829,A
106830,D
106831,A
106832,A
106833,A
106834,C
106835,B
106836,A
106837,A
106838,C
106839,B
106840,D
106841,C
106842,B
106843,A
106844,D
106845,B
106846,C
106847,A
106848,D
106849,B
106850,D
106851,B
106852,C
106853,B
106854,B
106855,A
106856,C
106857,A
106858,B
106859,A
106860,A
106861,C
106862,D
106863,A
106864,C
106865,D
106866,B
106867,C
106868,D
106869,C
106870,C
106871,D
106872,B
106873,D
106874,B
106875,D
106876,A
106877,B
106878,D
106879,D
106880,C
106881,D
106882,A
106883,A
106884,D
106885,A
106886,D
106887,D
106888,D
106889,A
106890,B
106891,C
106892,C
106893,A
106894,C
106895,A
106896,B
106897,A
106898,A
106899,D
106900,D
106901,A
106902,D
106903,D
106904,B
106905,D
106906,B
106907,B
106908,C
106909,B
106910,D
106911,C
106912,C
106913,D
106914,A
106915,A
106916,D
106917,B
106918,C
106919,C
106920,C
106921,A
106922,D
106923,B
106924,A
106925,A
106926,A
106927,C
106928,B
106929,D
106930,D
106931,A
106932,D
106933,D
106934,B
106935,B
106936,D
106937,C
106938,A
106939,D
106940,A
106941,B
106942,A
106943,D
106944,B
106945,D
106946,C
106947,A
106948,C
106949,D
106950,C
106951,A
106952,A
106953,A
106954,D
106955,B
106956,A
106957,B
106958,C
106959,A
106960,A
106961,B
106962,D
106963,C
106964,C
106965,B
106966,D
106967,C
106968,A
106969,C
106970,A
106971,B
106972,B
106973,B
106974,C
106975,A
106976,D
106977,B
106978,B
106979,C
106980,A
106981,A
106982,A
106983,C
106984,A
106985,D
106986,C
106987,B
106988,A
106989,A
106990,C
106991,D
106992,C
106993,C
106994,D
106995,D
106996,D
106997,A
106998,A
106999,C
107000,A
107001,A
107002,B
107003,D
107004,C
107005,A
107006,D
107007,A
107008,D
107009,B
107010,B
107011,A
107012,C
107013,B
107014,D
107015,C
107016,A
107017,A
107018,C
107019,D
107020,B
107021,D
107022,D
107023,D
107024,A
107025,B
107026,C
107027,B
107028,D
107029,C
107030,A
107031,D
107032,D
107033,A
107034,D
107035,D
107036,D
107037,D
107038,D
107039,A
107040,B
107041,C
107042,B
107043,A
107044,C
107045,C
107046,A
107047,B
107048,C
107049,D
107050,A
107051,B
107052,D
107053,B
107054,B
107055,B
107056,B
107057,B
107058,A
107059,D
107060,A
107061,D
107062,C
107063,B
107064,A
107065,C
107066,B
107067,D
107068,D
107069,D
107070,B
107071,B
107072,D
107073,B
107074,C
107075,A
107076,B
107077,D
107078,B
107079,C
107080,A
107081,C
107082,C
107083,B
107084,C
107085,C
107086,D
107087,B
107088,C
107089,B
107090,B
107091,B
107092,C
107093,A
107094,D
107095,C
107096,C
107097,C
107098,A
107099,A
107100,B
107101,C
107102,B
107103,B
107104,A
107105,A
107106,C
107107,B
107108,D
107109,A
107110,B
107111,B
107112,A
107113,B
107114,C
107115,A
107116,B
107117,B
107118,D
107119,D
107120,B
107121,C
107122,B
107123,A
107124,D
107125,D
107126,B
107127,D
107128,A
107129,A
107130,A
107131,B
107132,B
107133,A
107134,D
107135,C
107136,A
107137,B
107138,C
107139,B
107140,A
107141,C
107142,A
107143,D
107144,A
107145,D
107146,A
107147,B
107148,A
107149,C
107150,D
107151,A
107152,D
107153,C
107154,D
107155,D
107156,A
107157,B
107158,D
107159,D
107160,B
107161,B
107162,B
107163,A
107164,C
107165,D
107166,C
107167,C
107168,B
107169,C
107170,C
107171,B
107172,A
107173,A
107174,B
107175,D
107176,C
107177,C
107178,B
107179,A
107180,B
107181,A
107182,D
107183,D
107184,B
107185,A
107186,D
107187,A
107188,B
107189,A
107190,D
107191,A
107192,D
107193,B
107194,D
107195,B
107196,C
107197,D
107198,C
107199,B
107200,A
107201,C
107202,D
107203,B
107204,D
107205,A
107206,A
107207,A
107208,B
107209,B
107210,C
107211,D
107212,A
107213,C
107214,D
107215,A
107216,A
107217,B
107218,B
107219,B
107220,A
107221,A
107222,A
107223,A
107224,A
107225,A
107226,B
107227,C
107228,A
107229,A
107230,A
107231,A
107232,A
107233,D
107234,D
107235,A
107236,A
107237,C
107238,D
107239,D
107240,A
107241,B
107242,B
107243,A
107244,A
107245,A
107246,D
107247,B
107248,A
107249,B
107250,D
107251,A
107252,A
107253,D
107254,B
107255,C
107256,C
107257,B
107258,C
107259,D
107260,B
107261,B
107262,D
107263,D
107264,B
107265,B
107266,C
107267,D
107268,B
107269,A
107270,B
107271,D
107272,C
107273,D
107274,A
107275,D
107276,C
107277,D
107278,A
107279,C
107280,D
107281,A
107282,A
107283,B
107284,D
107285,D
107286,B
107287,C
107288,D
107289,C
107290,A
107291,A
107292,C
107293,B
107294,A
107295,C
107296,D
107297,A
107298,D
107299,A
107300,C
107301,A
107302,C
107303,C
107304,C
107305,D
107306,A
107307,B
107308,C
107309,B
107310,A
107311,B
107312,B
107313,B
107314,D
107315,C
107316,D
107317,A
107318,B
107319,D
107320,A
107321,D
107322,C
107323,B
107324,B
107325,B
107326,D
107327,D
107328,A
107329,C
107330,B
107331,C
107332,D
107333,B
107334,A
107335,A
107336,C
107337,D
107338,C
107339,A
107340,A
107341,A
107342,B
107343,B
107344,C
107345,A
107346,A
107347,A
107348,B
107349,D
107350,D
107351,A
107352,C
107353,A
107354,B
107355,A
107356,D
107357,D
107358,C
107359,B
107360,B
107361,D
107362,C
107363,A
107364,C
107365,D
107366,A
107367,A
107368,A
107369,D
107370,B
107371,B
107372,A
107373,C
107374,C
107375,A
107376,A
107377,B
107378,A
107379,D
107380,A
107381,D
107382,C
107383,B
107384,C
107385,D
107386,D
107387,D
107388,A
107389,C
107390,D
107391,D
107392,C
107393,C
107394,B
107395,C
107396,C
107397,D
107398,D
107399,B
107400,D
107401,B
107402,C
107403,C
107404,B
107405,A
107406,D
107407,C
107408,C
107409,D
107410,D
107411,B
107412,D
107413,A
107414,D
107415,B
107416,A
107417,A
107418,D
107419,A
107420,D
107421,C
107422,D
107423,A
107424,C
107425,D
107426,B
107427,B
107428,A
107429,A
107430,A
107431,B
107432,C
107433,D
107434,C
107435,A
107436,B
107437,B
107438,B
107439,D
107440,A
107441,B
107442,B
107443,B
107444,C
107445,C
107446,A
107447,D
107448,A
107449,B
107450,C
107451,C
107452,B
107453,B
107454,C
107455,C
107456,C
107457,B
107458,B
107459,D
107460,C
107461,C
107462,A
107463,B
107464,A
107465,A
107466,B
107467,D
107468,A
107469,D
107470,C
107471,D
107472,C
107473,B
107474,B
107475,B
107476,A
107477,B
107478,B
107479,B
107480,A
107481,D
107482,C
107483,A
107484,D
107485,C
107486,A
107487,A
107488,B
107489,B
107490,B
107491,C
107492,A
107493,A
107494,C
107495,D
107496,A
107497,B
107498,D
107499,B
107500,D
107501,C
107502,B
107503,B
107504,D
107505,D
107506,C
107507,A
107508,B
107509,D
107510,D
107511,A
107512,A
107513,B
107514,C
107515,B
107516,C
107517,D
107518,C
107519,A
107520,A
107521,B
107522,C
107523,B
107524,C
107525,A
107526,B
107527,D
107528,B
107529,A
107530,B
107531,A
107532,B
107533,B
107534,A
107535,B
107536,D
107537,A
107538,A
107539,C
107540,B
107541,C
107542,C
107543,C
107544,C
107545,A
107546,D
107547,D
107548,B
107549,D
107550,A
107551,A
107552,B
107553,A
107554,A
107555,B
107556,A
107557,D
107558,C
107559,D
107560,A
107561,A
107562,C
107563,A
107564,D
107565,B
107566,B
107567,D
107568,D
107569,A
107570,A
107571,C
107572,C
107573,A
107574,B
107575,C
107576,C
107577,B
107578,A
107579,D
107580,B
107581,B
107582,D
107583,D
107584,A
107585,A
107586,D
107587,D
107588,A
107589,A
107590,A
107591,A
107592,A
107593,D
107594,A
107595,B
107596,A
107597,A
107598,B
107599,D
107600,A
107601,C
107602,A
107603,B
107604,D
107605,A
107606,A
107607,D
107608,B
107609,A
107610,B
107611,C
107612,D
107613,A
107614,A
107615,A
107616,A
107617,A
107618,B
107619,D
107620,D
107621,A
107622,C
107623,A
107624,A
107625,A
107626,C
107627,B
107628,D
107629,B
107630,D
107631,B
107632,B
107633,D
107634,B
107635,C
107636,B
107637,A
107638,D
107639,B
107640,D
107641,D
107642,A
107643,D
107644,B
107645,B
107646,A
107647,B
107648,C
107649,A
107650,B
107651,C
107652,B
107653,D
107654,D
107655,D
107656,C
107657,C
107658,C
107659,A
107660,C
107661,C
107662,D
107663,B
107664,B
107665,D
107666,A
107667,A
107668,A
107669,A
107670,A
107671,C
107672,B
107673,C
107674,C
107675,C
107676,B
107677,C
107678,D
107679,C
107680,B
107681,D
107682,D
107683,B
107684,C
107685,A
107686,B
107687,C
107688,A
107689,D
107690,A
107691,C
107692,D
107693,D
107694,C
107695,D
107696,C
107697,D
107698,D
107699,A
107700,C
107701,D
107702,D
107703,D
107704,B
107705,D
107706,B
107707,A
107708,B
107709,B
107710,C
107711,B
107712,C
107713,D
107714,B
107715,C
107716,C
107717,D
107718,D
107719,D
107720,D
107721,C
107722,A
107723,C
107724,B
107725,C
107726,C
107727,A
107728,A
107729,D
107730,C
107731,B
107732,D
107733,C
107734,B
107735,B
107736,A
107737,B
107738,D
107739,B
107740,B
107741,A
107742,A
107743,A
107744,C
107745,C
107746,A
107747,C
107748,D
107749,B
107750,B
107751,D
107752,D
107753,A
107754,D
107755,A
107756,C
107757,B
107758,D
107759,C
107760,A
107761,D
107762,C
107763,C
107764,B
107765,D
107766,C
107767,B
107768,C
107769,A
107770,B
107771,B
107772,C
107773,C
107774,A
107775,C
107776,D
107777,D
107778,A
107779,C
107780,A
107781,A
107782,D
107783,B
107784,B
107785,C
107786,C
107787,B
107788,B
107789,A
107790,A
107791,C
107792,B
107793,B
107794,A
107795,C
107796,C
107797,A
107798,C
107799,B
107800,C
107801,C
107802,B
107803,C
107804,C
107805,A
107806,B
107807,B
107808,C
107809,C
107810,A
107811,A
107812,C
107813,B
107814,D
107815,B
107816,C
107817,D
107818,A
107819,B
107820,D
107821,B
107822,C
107823,A
107824,A
107825,D
107826,D
107827,B
107828,A
107829,B
107830,B
107831,C
107832,A
107833,C
107834,A
107835,C
107836,A
107837,D
107838,D
107839,C
107840,C
107841,A
107842,A
107843,C
107844,D
107845,A
107846,B
107847,B
107848,A
107849,B
107850,A
107851,D
107852,C
107853,C
107854,B
107855,B
107856,D
107857,B
107858,D
107859,A
107860,A
107861,B
107862,C
107863,C
107864,C
107865,B
107866,C
107867,C
107868,A
107869,D
107870,B
107871,C
107872,A
107873,C
107874,B
107875,B
107876,C
107877,A
107878,A
107879,B
107880,C
107881,A
107882,D
107883,C
107884,B
107885,B
107886,D
107887,B
107888,A
107889,B
107890,A
107891,D
107892,D
107893,D
107894,A
107895,B
107896,B
107897,A
107898,D
107899,D
107900,D
107901,D
107902,C
107903,C
107904,B
107905,A
107906,B
107907,C
107908,B
107909,D
107910,C
107911,C
107912,D
107913,D
107914,B
107915,B
107916,B
107917,C
107918,D
107919,C
107920,A
107921,A
107922,B
107923,C
107924,C
107925,B
107926,A
107927,D
107928,B
107929,A
107930,D
107931,A
107932,D
107933,D
107934,B
107935,B
107936,D
107937,B
107938,C
107939,D
107940,C
107941,B
107942,C
107943,A
107944,B
107945,C
107946,D
107947,D
107948,D
107949,D
107950,C
107951,B
107952,D
107953,D
107954,D
107955,C
107956,D
107957,C
107958,C
107959,C
107960,A
107961,C
107962,D
107963,D
107964,D
107965,B
107966,D
107967,A
107968,D
107969,B
107970,C
107971,C
107972,C
107973,D
107974,B
107975,D
107976,D
107977,C
107978,C
107979,C
107980,A
107981,C
107982,A
107983,C
107984,A
107985,B
107986,C
107987,B
107988,A
107989,B
107990,C
107991,A
107992,B
107993,C
107994,D
107995,D
107996,A
107997,A
107998,C
107999,B
108000,D
108001,D
108002,C
108003,A
108004,D
108005,A
108006,A
108007,A
108008,C
108009,D
108010,C
108011,D
108012,B
108013,A
108014,B
108015,D
108016,B
108017,D
108018,D
108019,D
108020,D
108021,D
108022,B
108023,D
108024,B
108025,C
108026,C
108027,A
108028,B
108029,A
108030,B
108031,C
108032,A
108033,A
108034,B
108035,B
108036,C
108037,D
108038,C
108039,B
108040,B
108041,B
108042,A
108043,B
108044,A
108045,C
108046,D
108047,C
108048,D
108049,B
108050,B
108051,D
108052,C
108053,A
108054,D
108055,D
108056,B
108057,A
108058,D
108059,D
108060,C
108061,D
108062,D
108063,D
108064,C
108065,D
108066,D
108067,B
108068,A
108069,A
108070,B
108071,B
108072,D
108073,A
108074,A
108075,C
108076,D
108077,D
108078,B
108079,D
108080,B
108081,C
108082,D
108083,B
108084,B
108085,D
108086,B
108087,A
108088,C
108089,B
108090,C
108091,B
108092,B
108093,D
108094,B
108095,B
108096,C
108097,D
108098,D
108099,D
108100,A
108101,B
108102,D
108103,D
108104,B
108105,D
108106,D
108107,C
108108,D
108109,D
108110,C
108111,C
108112,B
108113,A
108114,D
108115,D
108116,B
108117,C
108118,A
108119,D
108120,A
108121,B
108122,A
108123,D
108124,D
108125,D
108126,C
108127,C
108128,D
108129,A
108130,A
108131,A
108132,A
108133,A
108134,D
108135,D
108136,C
108137,B
108138,C
108139,A
108140,B
108141,C
108142,B
108143,C
108144,C
108145,B
108146,A
108147,C
108148,D
108149,C
108150,C
108151,D
108152,D
108153,B
108154,C
108155,A
108156,A
108157,A
108158,A
108159,B
108160,D
108161,A
108162,D
108163,B
108164,A
108165,C
108166,D
108167,A
108168,B
108169,B
108170,A
108171,D
108172,A
108173,A
108174,C
108175,D
108176,C
108177,A
108178,A
108179,D
108180,C
108181,C
108182,D
108183,D
108184,C
108185,D
108186,D
108187,D
108188,D
108189,D
108190,B
108191,A
108192,C
108193,C
108194,B
108195,A
108196,D
108197,A
108198,C
108199,D
108200,B
108201,C
108202,C
108203,C
108204,C
108205,B
108206,D
108207,B
108208,C
108209,D
108210,D
108211,A
108212,C
108213,B
108214,D
108215,B
108216,A
108217,C
108218,C
108219,A
108220,D
108221,C
108222,C
108223,D
108224,A
108225,C
108226,C
108227,A
108228,B
108229,A
108230,A
108231,D
108232,B
108233,B
108234,C
108235,C
108236,C
108237,C
108238,D
108239,A
108240,A
108241,C
108242,A
108243,A
108244,C
108245,A
108246,B
108247,D
108248,C
108249,D
108250,B
108251,B
108252,B
108253,C
108254,C
108255,D
108256,D
108257,A
108258,D
108259,B
108260,A
108261,B
108262,B
108263,A
108264,A
108265,C
108266,A
108267,A
108268,D
108269,C
108270,D
108271,D
108272,B
108273,A
108274,B
108275,D
108276,B
108277,B
108278,B
108279,B
108280,C
108281,D
108282,C
108283,B
108284,A
108285,C
108286,A
108287,D
108288,B
108289,A
108290,D
108291,D
108292,B
108293,C
108294,D
108295,B
108296,A
108297,D
108298,D
108299,D
108300,A
108301,A
108302,D
108303,C
108304,D
108305,D
108306,D
108307,A
108308,C
108309,C
108310,C
108311,C
108312,B
108313,B
108314,C
108315,A
108316,C
108317,A
108318,B
108319,C
108320,A
108321,D
108322,D
108323,B
108324,C
108325,A
108326,D
108327,B
108328,A
108329,D
108330,A
108331,B
108332,B
108333,C
108334,A
108335,C
108336,B
108337,C
108338,D
108339,D
108340,B
108341,C
108342,C
108343,C
108344,C
108345,A
108346,D
108347,D
108348,B
108349,C
108350,B
108351,A
108352,C
108353,C
108354,D
108355,B
108356,C
108357,B
108358,A
108359,D
108360,A
108361,D
108362,A
108363,B
108364,C
108365,C
108366,B
108367,A
108368,B
108369,B
108370,C
108371,B
108372,A
108373,D
108374,C
108375,D
108376,C
108377,A
108378,A
108379,C
108380,B
108381,B
108382,A
108383,B
108384,C
108385,D
108386,C
108387,A
108388,A
108389,C
108390,C
108391,C
108392,D
108393,B
108394,A
108395,A
108396,B
108397,B
108398,B
108399,A
108400,D
108401,B
108402,A
108403,A
108404,A
108405,C
108406,A
108407,C
108408,D
108409,A
108410,C
108411,C
108412,A
108413,C
108414,A
108415,A
108416,D
108417,B
108418,C
108419,A
108420,C
108421,B
108422,D
108423,C
108424,D
108425,A
108426,B
108427,B
108428,C
108429,B
108430,C
108431,B
108432,D
108433,D
108434,C
108435,A
108436,B
108437,A
108438,A
108439,C
108440,C
108441,B
108442,D
108443,C
108444,A
108445,D
108446,D
108447,B
108448,C
108449,D
108450,C
108451,B
108452,A
108453,C
108454,C
108455,D
108456,B
108457,B
108458,D
108459,A
108460,A
108461,B
108462,B
108463,A
108464,C
108465,B
108466,B
108467,A
108468,A
108469,D
108470,D
108471,B
108472,C
108473,C
108474,D
108475,D
108476,C
108477,B
108478,A
108479,C
108480,A
108481,B
108482,B
108483,B
108484,C
108485,C
108486,D
108487,D
108488,D
108489,D
108490,A
108491,C
108492,A
108493,B
108494,C
108495,C
108496,B
108497,A
108498,A
108499,B
108500,D
108501,D
108502,B
108503,C
108504,A
108505,A
108506,C
108507,A
108508,C
108509,C
108510,A
108511,B
108512,D
108513,B
108514,D
108515,C
108516,A
108517,A
108518,A
108519,D
108520,D
108521,D
108522,B
108523,D
108524,A
108525,C
108526,B
108527,A
108528,B
108529,C
108530,D
108531,C
108532,B
108533,A
108534,D
108535,B
108536,D
108537,D
108538,B
108539,A
108540,A
108541,A
108542,D
108543,A
108544,A
108545,C
108546,D
108547,C
108548,D
108549,D
108550,B
108551,D
108552,C
108553,B
108554,D
108555,A
108556,C
108557,A
108558,A
108559,B
108560,A
108561,A
108562,C
108563,C
108564,C
108565,B
108566,A
108567,C
108568,C
108569,D
108570,B
108571,D
108572,B
108573,A
108574,C
108575,C
108576,B
108577,B
108578,D
108579,B
108580,D
108581,C
108582,C
108583,C
108584,C
108585,C
108586,A
108587,C
108588,C
108589,C
108590,D
108591,D
108592,D
108593,C
108594,A
108595,D
108596,D
108597,D
108598,D
108599,C
108600,C
108601,D
108602,B
108603,A
108604,A
108605,B
108606,B
108607,C
108608,D
108609,A
108610,C
108611,D
108612,A
108613,D
108614,A
108615,D
108616,D
108617,C
108618,B
108619,C
108620,B
108621,C
108622,B
108623,B
108624,A
108625,C
108626,C
108627,D
108628,C
108629,D
108630,D
108631,D
108632,A
108633,D
108634,D
108635,A
108636,C
108637,C
108638,D
108639,D
108640,D
108641,A
108642,B
108643,B
108644,B
108645,B
108646,C
108647,A
108648,D
108649,A
108650,D
108651,A
108652,C
108653,D
108654,C
108655,A
108656,A
108657,A
108658,C
108659,A
108660,B
108661,A
108662,D
108663,B
108664,A
108665,A
108666,C
108667,A
108668,B
108669,D
108670,D
108671,A
108672,C
108673,D
108674,B
108675,D
108676,B
108677,C
108678,C
108679,D
108680,A
108681,C
108682,B
108683,A
108684,B
108685,D
108686,D
108687,D
108688,C
108689,C
108690,A
108691,C
108692,C
108693,A
108694,D
108695,B
108696,A
108697,B
108698,C
108699,C
108700,A
108701,D
108702,D
108703,A
108704,C
108705,D
108706,A
108707,B
108708,B
108709,C
108710,B
108711,C
108712,C
108713,D
108714,A
108715,C
108716,A
108717,A
108718,D
108719,B
108720,A
108721,B
108722,C
108723,D
108724,B
108725,B
108726,A
108727,B
108728,A
108729,B
108730,A
108731,D
108732,D
108733,C
108734,C
108735,C
108736,D
108737,B
108738,A
108739,C
108740,B
108741,B
108742,A
108743,A
108744,A
108745,B
108746,D
108747,C
108748,B
108749,A
108750,B
108751,B
108752,B
108753,A
108754,C
108755,B
108756,B
108757,D
108758,D
108759,C
108760,A
108761,D
108762,B
108763,B
108764,C
108765,A
108766,B
108767,D
108768,D
108769,B
108770,A
108771,D
108772,D
108773,D
108774,B
108775,C
108776,A
108777,A
108778,B
108779,C
108780,D
108781,B
108782,D
108783,A
108784,D
108785,D
108786,C
108787,C
108788,D
108789,D
108790,C
108791,B
108792,B
108793,D
108794,A
108795,C
108796,A
108797,D
108798,D
108799,C
108800,B
108801,C
108802,B
108803,B
108804,C
108805,A
108806,C
108807,C
108808,D
108809,C
108810,B
108811,C
108812,C
108813,B
108814,B
108815,D
108816,C
108817,B
108818,B
108819,B
108820,B
108821,C
108822,B
108823,D
108824,A
108825,D
108826,D
108827,D
108828,B
108829,D
108830,B
108831,A
108832,C
108833,A
108834,C
108835,C
108836,A
108837,C
108838,D
108839,A
108840,B
108841,D
108842,B
108843,D
108844,C
108845,A
108846,D
108847,C
108848,D
108849,D
108850,C
108851,B
108852,C
108853,C
108854,A
108855,D
108856,A
108857,A
108858,A
108859,A
108860,D
108861,C
108862,B
108863,D
108864,B
108865,C
108866,D
108867,B
108868,C
108869,C
108870,D
108871,B
108872,D
108873,C
108874,A
108875,D
108876,B
108877,B
108878,A
108879,C
108880,D
108881,A
108882,C
108883,B
108884,C
108885,C
108886,B
108887,C
108888,C
108889,C
108890,C
108891,A
108892,D
108893,D
108894,C
108895,A
108896,C
108897,A
108898,B
108899,A
108900,A
108901,B
108902,D
108903,B
108904,C
108905,C
108906,C
108907,C
108908,A
108909,C
108910,A
108911,A
108912,A
108913,B
108914,B
108915,A
108916,B
108917,B
108918,A
108919,D
108920,B
108921,A
108922,A
108923,D
108924,D
108925,D
108926,B
108927,D
108928,B
108929,C
108930,A
108931,D
108932,A
108933,B
108934,D
108935,D
108936,D
108937,D
108938,C
108939,A
108940,D
108941,A
108942,A
108943,D
108944,A
108945,B
108946,A
108947,C
108948,B
108949,D
108950,B
108951,C
108952,C
108953,D
108954,D
108955,C
108956,A
108957,A
108958,B
108959,A
108960,B
108961,C
108962,B
108963,D
108964,C
108965,B
108966,A
108967,A
108968,B
108969,B
108970,B
108971,C
108972,B
108973,D
108974,C
108975,A
108976,A
108977,A
108978,D
108979,C
108980,A
108981,B
108982,D
108983,B
108984,A
108985,B
108986,C
108987,C
108988,B
108989,A
108990,A
108991,B
108992,B
108993,A
108994,A
108995,C
108996,A
108997,D
108998,C
108999,A
109000,D
109001,D
109002,A
109003,A
109004,B
109005,A
109006,D
109007,D
109008,C
109009,C
109010,B
109011,C
109012,C
109013,A
109014,C
109015,A
109016,C
109017,A
109018,B
109019,B
109020,D
109021,C
109022,B
109023,B
109024,C
109025,A
109026,A
109027,C
109028,D
109029,A
109030,B
109031,A
109032,D
109033,D
109034,A
109035,D
109036,D
109037,D
109038,A
109039,C
109040,B
109041,D
109042,A
109043,A
109044,C
109045,D
109046,A
109047,D
109048,C
109049,D
109050,B
109051,B
109052,C
109053,D
109054,D
109055,A
109056,C
109057,A
109058,D
109059,A
109060,B
109061,B
109062,D
109063,B
109064,B
109065,B
109066,D
109067,C
109068,B
109069,B
109070,A
109071,D
109072,B
109073,D
109074,D
109075,D
109076,A
109077,D
109078,B
109079,C
109080,C
109081,A
109082,C
109083,D
109084,C
109085,D
109086,C
109087,B
109088,C
109089,A
109090,A
109091,A
109092,B
109093,D
109094,D
109095,A
109096,A
109097,C
109098,A
109099,B
109100,B
109101,A
109102,D
109103,D
109104,C
109105,C
109106,C
109107,D
109108,A
109109,A
109110,A
109111,C
109112,B
109113,B
109114,B
109115,A
109116,B
109117,A
109118,D
109119,B
109120,D
109121,A
109122,A
109123,A
109124,C
109125,B
109126,A
109127,D
109128,D
109129,C
109130,A
109131,A
109132,A
109133,A
109134,D
109135,A
109136,A
109137,B
109138,B
109139,B
109140,B
109141,C
109142,C
109143,B
109144,D
109145,B
109146,C
109147,D
109148,B
109149,D
109150,B
109151,D
109152,C
109153,D
109154,B
109155,A
109156,A
109157,C
109158,C
109159,A
109160,C
109161,B
109162,B
109163,A
109164,C
109165,A
109166,D
109167,D
109168,A
109169,B
109170,B
109171,C
109172,D
109173,D
109174,C
109175,B
109176,B
109177,B
109178,D
109179,B
109180,B
109181,D
109182,B
109183,C
109184,A
109185,C
109186,C
109187,C
109188,B
109189,D
109190,D
109191,B
109192,D
109193,C
109194,D
109195,C
109196,B
109197,B
109198,D
109199,A
109200,B
109201,A
109202,A
109203,A
109204,D
109205,A
109206,A
109207,A
109208,A
109209,D
109210,D
109211,B
109212,A
109213,B
109214,B
109215,A
109216,A
109217,A
109218,B
109219,D
109220,A
109221,B
109222,B
109223,C
109224,D
109225,A
109226,B
109227,C
109228,B
109229,B
109230,B
109231,B
109232,C
109233,A
109234,C
109235,C
109236,D
109237,B
109238,C
109239,B
109240,B
109241,B
109242,D
109243,B
109244,C
109245,C
109246,C
109247,D
109248,B
109249,B
109250,A
109251,C
109252,A
109253,C
109254,C
109255,A
109256,A
109257,C
109258,D
109259,B
109260,D
109261,B
109262,C
109263,B
109264,A
109265,D
109266,A
109267,C
109268,C
109269,C
109270,C
109271,C
109272,C
109273,D
109274,A
109275,C
109276,B
109277,B
109278,D
109279,A
109280,B
109281,B
109282,D
109283,B
109284,D
109285,C
109286,B
109287,D
109288,D
109289,C
109290,B
109291,A
109292,B
109293,D
109294,A
109295,A
109296,B
109297,D
109298,C
109299,A
109300,B
109301,C
109302,C
109303,D
109304,A
109305,D
109306,D
109307,B
109308,B
109309,A
109310,C
109311,D
109312,D
109313,B
109314,C
109315,D
109316,D
109317,C
109318,C
109319,B
109320,D
109321,A
109322,C
109323,C
109324,A
109325,B
109326,B
109327,A
109328,C
109329,B
109330,A
109331,A
109332,C
109333,D
109334,C
109335,C
109336,D
109337,D
109338,C
109339,A
109340,A
109341,B
109342,B
109343,D
109344,B
109345,D
109346,A
109347,D
109348,A
109349,B
109350,D
109351,A
109352,B
109353,B
109354,A
109355,B
109356,D
109357,D
109358,B
109359,A
109360,A
109361,B
109362,C
109363,B
109364,D
109365,D
109366,C
109367,A
109368,B
109369,B
109370,A
109371,D
109372,A
109373,D
109374,D
109375,B
109376,C
109377,D
109378,B
109379,C
109380,C
109381,D
109382,B
109383,B
109384,C
109385,D
109386,B
109387,A
109388,D
109389,C
109390,D
109391,A
109392,B
109393,B
109394,A
109395,C
109396,B
109397,A
109398,D
109399,C
109400,B
109401,A
109402,A
109403,B
109404,A
109405,C
109406,C
109407,C
109408,D
109409,B
109410,B
109411,D
109412,C
109413,D
109414,A
109415,D
109416,A
109417,C
109418,C
109419,A
109420,C
109421,C
109422,A
109423,A
109424,B
109425,A
109426,D
109427,C
109428,D
109429,C
109430,A
109431,D
109432,A
109433,B
109434,A
109435,C
109436,B
109437,A
109438,A
109439,C
109440,C
109441,C
109442,D
109443,D
109444,D
109445,D
109446,B
109447,C
109448,A
109449,C
109450,B
109451,B
109452,D
109453,C
109454,D
109455,B
109456,B
109457,D
109458,A
109459,B
109460,A
109461,A
109462,B
109463,D
109464,B
109465,D
109466,B
109467,A
109468,A
109469,C
109470,C
109471,A
109472,A
109473,C
109474,A
109475,D
109476,D
109477,B
109478,C
109479,A
109480,D
109481,C
109482,D
109483,D
109484,C
109485,B
109486,B
109487,D
109488,C
109489,D
109490,D
109491,B
109492,D
109493,B
109494,D
109495,D
109496,A
109497,D
109498,D
109499,D
109500,B
109501,D
109502,A
109503,D
109504,A
109505,C
109506,C
109507,A
109508,D
109509,D
109510,D
109511,C
109512,C
109513,C
109514,B
109515,A
109516,C
109517,C
109518,D
109519,D
109520,C
109521,D
109522,A
109523,B
109524,D
109525,A
109526,C
109527,D
109528,D
109529,D
109530,A
109531,C
109532,B
109533,A
109534,C
109535,A
109536,B
109537,C
109538,C
109539,C
109540,D
109541,B
109542,B
109543,C
109544,C
109545,B
109546,A
109547,C
109548,C
109549,D
109550,B
109551,A
109552,C
109553,D
109554,C
109555,A
109556,B
109557,C
109558,A
109559,C
109560,A
109561,A
109562,C
109563,A
109564,C
109565,D
109566,D
109567,C
109568,B
109569,D
109570,C
109571,A
109572,C
109573,C
109574,D
109575,D
109576,A
109577,B
109578,C
109579,D
109580,A
109581,A
109582,B
109583,C
109584,D
109585,C
109586,B
109587,C
109588,A
109589,A
109590,C
109591,B
109592,D
109593,D
109594,B
109595,A
109596,C
109597,B
109598,D
109599,A
109600,D
109601,D
109602,B
109603,C
109604,A
109605,C
109606,B
109607,B
109608,B
109609,A
109610,B
109611,A
109612,A
109613,C
109614,C
109615,A
109616,A
109617,A
109618,A
109619,B
109620,D
109621,B
109622,A
109623,C
109624,B
109625,D
109626,D
109627,A
109628,B
109629,C
109630,D
109631,D
109632,C
109633,D
109634,C
109635,B
109636,C
109637,B
109638,D
109639,C
109640,C
109641,D
109642,C
109643,A
109644,B
109645,B
109646,A
109647,C
109648,A
109649,B
109650,B
109651,D
109652,A
109653,B
109654,A
109655,D
109656,C
109657,B
109658,D
109659,C
109660,D
109661,D
109662,C
109663,A
109664,D
109665,C
109666,D
109667,A
109668,D
109669,C
109670,C
109671,C
109672,A
109673,A
109674,B
109675,D
109676,C
109677,A
109678,C
109679,C
109680,B
109681,C
109682,C
109683,C
109684,C
109685,C
109686,A
109687,A
109688,B
109689,B
109690,C
109691,A
109692,D
109693,A
109694,D
109695,A
109696,C
109697,B
109698,D
109699,C
109700,B
109701,C
109702,D
109703,A
109704,D
109705,A
109706,A
109707,D
109708,C
109709,A
109710,A
109711,A
109712,B
109713,B
109714,C
109715,A
109716,D
109717,A
109718,D
109719,A
109720,A
109721,A
109722,B
109723,A
109724,D
109725,B
109726,B
109727,D
109728,A
109729,A
109730,D
109731,A
109732,D
109733,C
109734,D
109735,D
109736,C
109737,A
109738,A
109739,D
109740,D
109741,D
109742,A
109743,B
109744,B
109745,B
109746,D
109747,D
109748,D
109749,C
109750,A
109751,C
109752,C
109753,A
109754,B
109755,B
109756,A
109757,D
109758,D
109759,A
109760,B
109761,C
109762,A
109763,D
109764,A
109765,D
109766,A
109767,A
109768,B
109769,D
109770,C
109771,D
109772,B
109773,B
109774,C
109775,C
109776,C
109777,C
109778,A
109779,C
109780,C
109781,A
109782,B
109783,C
109784,A
109785,B
109786,B
109787,D
109788,C
109789,A
109790,A
109791,A
109792,C
109793,C
109794,A
109795,D
109796,D
109797,A
109798,C
109799,A
109800,A
109801,B
109802,C
109803,B
109804,A
109805,A
109806,B
109807,B
109808,B
109809,B
109810,D
109811,C
109812,C
109813,D
109814,B
109815,D
109816,C
109817,C
109818,B
109819,A
109820,B
109821,B
109822,C
109823,C
109824,A
109825,A
109826,B
109827,A
109828,B
109829,C
109830,C
109831,B
109832,D
109833,B
109834,B
109835,C
109836,A
109837,C
109838,D
109839,B
109840,B
109841,C
109842,C
109843,C
109844,C
109845,C
109846,C
109847,B
109848,A
109849,B
109850,A
109851,D
109852,A
109853,B
109854,B
109855,C
109856,B
109857,A
109858,B
109859,C
109860,C
109861,B
109862,C
109863,B
109864,D
109865,B
109866,C
109867,A
109868,A
109869,D
109870,A
109871,D
109872,D
109873,A
109874,D
109875,C
109876,C
109877,A
109878,B
109879,B
109880,B
109881,B
109882,C
109883,A
109884,A
109885,B
109886,A
109887,C
109888,C
109889,A
109890,B
109891,A
109892,C
109893,A
109894,D
109895,D
109896,C
109897,D
109898,C
109899,D
109900,D
109901,D
109902,B
109903,A
109904,D
109905,D
109906,D
109907,D
109908,D
109909,A
109910,A
109911,A
109912,C
109913,A
109914,B
109915,C
109916,C
109917,D
109918,D
109919,A
109920,A
109921,A
109922,D
109923,C
109924,D
109925,B
109926,B
109927,C
109928,A
109929,C
109930,B
109931,D
109932,C
109933,C
109934,C
109935,B
109936,D
109937,A
109938,B
109939,B
109940,D
109941,D
109942,C
109943,A
109944,D
109945,A
109946,C
109947,A
109948,D
109949,A
109950,A
109951,A
109952,C
109953,A
109954,B
109955,C
109956,D
109957,B
109958,B
109959,B
109960,D
109961,D
109962,B
109963,C
109964,A
109965,A
109966,B
109967,B
109968,A
109969,C
109970,C
109971,C
109972,B
109973,A
109974,B
109975,D
109976,D
109977,B
109978,B
109979,C
109980,B
109981,A
109982,D
109983,C
109984,A
109985,A
109986,A
109987,D
109988,C
109989,D
109990,D
109991,C
109992,D
109993,B
109994,D
109995,A
109996,D
109997,A
109998,B
109999,C
110000,B
110001,B
110002,A
110003,D
110004,D
110005,C
110006,C
110007,C
110008,C
110009,B
110010,A
110011,C
110012,B
110013,B
110014,C
110015,D
110016,C
110017,D
110018,A
110019,D
110020,C
110021,C
110022,A
110023,D
110024,A
110025,C
110026,D
110027,B
110028,B
110029,C
110030,B
110031,B
110032,A
110033,D
110034,A
110035,C
110036,D
110037,D
110038,D
110039,C
110040,B
110041,B
110042,B
110043,B
110044,D
110045,C
110046,B
110047,C
110048,B
110049,B
110050,D
110051,B
110052,C
110053,C
110054,D
110055,A
110056,B
110057,C
110058,A
110059,D
110060,C
110061,C
110062,C
110063,B
110064,D
110065,A
110066,B
110067,A
110068,D
110069,D
110070,C
110071,A
110072,A
110073,A
110074,D
110075,C
110076,A
110077,C
110078,A
110079,D
110080,C
110081,C
110082,D
110083,B
110084,A
110085,D
110086,B
110087,C
110088,D
110089,D
110090,D
110091,C
110092,A
110093,D
110094,A
110095,B
110096,A
110097,C
110098,C
110099,D
110100,A
110101,D
110102,C
110103,A
110104,D
110105,B
110106,D
110107,C
110108,D
110109,B
110110,C
110111,B
110112,D
110113,C
110114,A
110115,A
110116,A
110117,C
110118,C
110119,A
110120,C
110121,B
110122,B
110123,D
110124,D
110125,B
110126,B
110127,A
110128,B
110129,B
110130,A
110131,A
110132,B
110133,C
110134,B
110135,C
110136,D
110137,A
110138,C
110139,D
110140,B
110141,C
110142,C
110143,C
110144,B
110145,A
110146,A
110147,A
110148,B
110149,C
110150,A
110151,D
110152,D
110153,D
110154,C
110155,D
110156,D
110157,B
110158,A
110159,D
110160,D
110161,B
110162,A
110163,B
110164,B
110165,D
110166,A
110167,C
110168,C
110169,A
110170,A
110171,B
110172,A
110173,B
110174,B
110175,C
110176,C
110177,B
110178,D
110179,B
110180,C
110181,D
110182,C
110183,A
110184,B
110185,B
110186,D
110187,B
110188,A
110189,D
110190,B
110191,B
110192,A
110193,B
110194,B
110195,B
110196,B
110197,D
110198,C
110199,A
110200,A
110201,C
110202,C
110203,C
110204,B
110205,D
110206,A
110207,C
110208,D
110209,D
110210,A
110211,C
110212,C
110213,B
110214,A
110215,D
110216,A
110217,C
110218,D
110219,D
110220,A
110221,D
110222,B
110223,C
110224,D
110225,C
110226,C
110227,A
110228,D
110229,B
110230,B
110231,C
110232,B
110233,C
110234,B
110235,A
110236,B
110237,B
110238,A
110239,C
110240,D
110241,C
110242,A
110243,C
110244,C
110245,C
110246,A
110247,B
110248,C
110249,C
110250,C
110251,A
110252,C
110253,C
110254,A
110255,C
110256,C
110257,A
110258,A
110259,A
110260,C
110261,C
110262,B
110263,A
110264,B
110265,B
110266,C
110267,C
110268,B
110269,B
110270,C
110271,D
110272,C
110273,B
110274,B
110275,A
110276,B
110277,D
110278,B
110279,A
110280,C
110281,B
110282,B
110283,D
110284,A
110285,D
110286,D
110287,B
110288,B
110289,D
110290,A
110291,C
110292,C
110293,A
110294,B
110295,D
110296,D
110297,C
110298,A
110299,B
110300,B
110301,B
110302,D
110303,A
110304,B
110305,B
110306,D
110307,D
110308,C
110309,C
110310,D
110311,A
110312,B
110313,C
110314,B
110315,A
110316,A
110317,B
110318,C
110319,A
110320,A
110321,A
110322,A
110323,D
110324,D
110325,A
110326,D
110327,A
110328,A
110329,C
110330,D
110331,D
110332,D
110333,A
110334,C
110335,B
110336,C
110337,C
110338,D
110339,C
110340,A
110341,C
110342,C
110343,B
110344,A
110345,B
110346,D
110347,C
110348,C
110349,C
110350,D
110351,B
110352,D
110353,B
110354,B
110355,D
110356,C
110357,A
110358,B
110359,C
110360,B
110361,B
110362,A
110363,B
110364,A
110365,A
110366,B
110367,A
110368,A
110369,C
110370,D
110371,D
110372,C
110373,B
110374,A
110375,C
110376,C
110377,A
110378,B
110379,B
110380,B
110381,C
110382,B
110383,A
110384,D
110385,B
110386,A
110387,A
110388,D
110389,D
110390,D
110391,A
110392,B
110393,A
110394,B
110395,C
110396,D
110397,B
110398,C
110399,A
110400,C
110401,D
110402,B
110403,A
110404,B
110405,A
110406,B
110407,C
110408,A
110409,B
110410,D
110411,A
110412,D
110413,D
110414,B
110415,B
110416,B
110417,C
110418,A
110419,D
110420,C
110421,B
110422,A
110423,B
110424,A
110425,D
110426,A
110427,C
110428,A
110429,D
110430,B
110431,B
110432,D
110433,A
110434,C
110435,D
110436,B
110437,B
110438,D
110439,A
110440,A
110441,D
110442,C
110443,B
110444,A
110445,A
110446,B
110447,B
110448,B
110449,A
110450,A
110451,B
110452,A
110453,B
110454,B
110455,B
110456,B
110457,B
110458,D
110459,C
110460,B
110461,C
110462,D
110463,C
110464,D
110465,C
110466,A
110467,A
110468,C
110469,A
110470,A
110471,B
110472,C
110473,A
110474,D
110475,D
110476,D
110477,D
110478,A
110479,A
110480,B
110481,C
110482,D
110483,D
110484,B
110485,C
110486,D
110487,A
110488,D
110489,A
110490,B
110491,D
110492,C
110493,B
110494,D
110495,C
110496,A
110497,A
110498,A
110499,D
110500,A
110501,C
110502,D
110503,C
110504,C
110505,A
110506,D
110507,B
110508,A
110509,B
110510,B
110511,A
110512,C
110513,B
110514,C
110515,A
110516,B
110517,B
110518,A
110519,C
110520,C
110521,C
110522,D
110523,D
110524,D
110525,C
110526,D
110527,B
110528,D
110529,B
110530,A
110531,A
110532,D
110533,A
110534,A
110535,A
110536,D
110537,B
110538,B
110539,A
110540,C
110541,B
110542,C
110543,B
110544,B
110545,C
110546,B
110547,C
110548,C
110549,A
110550,B
110551,C
110552,A
110553,A
110554,C
110555,B
110556,B
110557,B
110558,C
110559,A
110560,D
110561,A
110562,C
110563,B
110564,C
110565,D
110566,B
110567,A
110568,A
110569,B
110570,D
110571,C
110572,A
110573,A
110574,A
110575,B
110576,A
110577,C
110578,B
110579,A
110580,C
110581,A
110582,A
110583,B
110584,B
110585,D
110586,D
110587,A
110588,D
110589,D
110590,C
110591,D
110592,D
110593,D
110594,C
110595,A
110596,B
110597,D
110598,A
110599,D
110600,C
110601,B
110602,A
110603,B
110604,C
110605,C
110606,B
110607,B
110608,D
110609,D
110610,B
110611,A
110612,A
110613,C
110614,D
110615,C
110616,B
110617,A
110618,A
110619,D
110620,C
110621,C
110622,B
110623,B
110624,B
110625,B
110626,A
110627,B
110628,A
110629,A
110630,B
110631,B
110632,A
